{
    "f1": 0.5283757338551859,
    "roc_auc": 0.8351159319753632
}