{
    "f1": 0.5442764578833693,
    "roc_auc": 0.8375893126698197
}