{
    "f1": 0.531317494600432,
    "roc_auc": 0.848619957537155
}