{
    "f1": 0.5170068027210883,
    "roc_auc": 0.8444366173560095
}