{
    "f1": 0.5158371040723981,
    "roc_auc": 0.8425560195900843
}