{
    "f1": 0.5190156599552572,
    "roc_auc": 0.8421891248196975
}