{
    "f1": 0.5557894736842105,
    "roc_auc": 0.8419562338399444
}