{
    "f1": 0.556910569105691,
    "roc_auc": 0.8410628323978894
}